{
    "name": "esp8266",
    "config": {
        "tx": {
            "help": "TX pin for serial connection. D1 assumed if Arduino Form Factor, needs to be set/overwritten otherwise",
            "value": null
        },
        "rx": {
            "help": "RX pin for serial connection. D0 assumed if Arduino Form Factor, needs to be set/overwritten otherwise",
            "value": null
        },
        "rts": {
            "help": "RTS pin for serial connection, defaults to Not Connected",
            "value": null
        },
        "cts": {
            "help": "CTS pin for serial connection, defaults to Not Connected",
            "value": null
        },
        "rst": {
            "help": "RESET pin for the modem, defaults to Not Connected",
            "value": null
        },
        "debug": {
            "help": "Enable debug logs. [true/false]",
            "value": false
        },
        "provide-default": {
            "help": "Provide default WifiInterface. [true/false]",
            "value": false
        },
        "socket-bufsize": {
            "help": "Max socket data heap usage",
            "value": 8192
        },
        "country-code": {
            "help": "ISO 3166-1 coded, 2 character alphanumeric country code, 'CN' by default",
            "value": null
        },
        "channel-start": {
            "help": "the channel number to start at, 1 by default",
            "value": null
        },
        "channels": {
            "help": "channel count, 13 by default",
            "value": null
        }
    },
    "target_overrides": {
         "HEXIWEAR": {
            "tx": "PTD3",
            "rx": "PTD2"
        },
        "NUCLEO_F401RE": {
            "tx": "D8",
            "rx": "D2"
        },
        "NUCLEO_F411RE": {
            "tx": "D8",
            "rx": "D2"
        }
    }
}
