{
"name": "qspif",
    "config": {
        "QSPI_IO0": "QSPI_FLASH1_IO0",
        "QSPI_IO1": "QSPI_FLASH1_IO1",
        "QSPI_IO2": "QSPI_FLASH1_IO2",
        "QSPI_IO3": "QSPI_FLASH1_IO3",
        "QSPI_SCK": "QSPI_FLASH1_SCK",
        "QSPI_CSN": "QSPI_FLASH1_CSN",
        "QSPI_POLARITY_MODE": 0,
        "QSPI_FREQ": "40000000",
        "QSPI_MIN_READ_SIZE": "1",
        "QSPI_MIN_PROG_SIZE": "1"
    },
    "target_overrides": {
        "DISCO_F413ZH": {
            "QSPI_FREQ": "80000000"
        },
        "DISCO_L475VG_IOT01A": {
            "QSPI_FREQ": "8000000"
        },
        "DISCO_L476VG": {
            "QSPI_FREQ": "80000000"
        },
        "DISCO_L496AG": {
            "QSPI_FREQ": "8000000"
        },
        "DISCO_F469NI": {
            "QSPI_FREQ": "80000000"
        },
        "DISCO_F746NG": {
            "QSPI_FREQ": "80000000"
        },
        "DISCO_F769NI": {
            "QSPI_FREQ": "8000000"
        },
        "MCU_NRF52840": {
            "QSPI_FREQ": "32000000",
            "QSPI_MIN_READ_SIZE": "4",
            "QSPI_MIN_PROG_SIZE": "4"
        }, 
        "CY8CPROTO_062_4343W": {
            "QSPI_FREQ": "50000000",
            "QSPI_MIN_PROG_SIZE": "512"
        },
        "CY8CKIT_062_WIFI_BT": {
            "QSPI_FREQ": "50000000",
            "QSPI_MIN_PROG_SIZE": "512"
        },
        "CY8CKIT_062_BLE": {
            "QSPI_FREQ": "50000000",
            "QSPI_MIN_PROG_SIZE": "512"
        }
    }
}
